scenario,U_to_treatment_strength,U_to_outcome_strength,truth,sample_size,estimator,mean_estimate,bias,mcse_bias,rmse,mcse_rmse,empirical_sd,mean_estimated_se,coverage,mcse_coverage,n_replications,n_attempted,n_valid,n_coverage,n_failed,n_not_applicable,n_non_ok,failure_rate,non_ok_rate,failure_rate_denominator,first_error_type,first_error_message,status_message
U_A0_U_Y0,0.0,0.0,0.16907314718299088,1000,naive_risk_difference,0.2766470559858637,0.10757390880287283,0.0031961888958807454,0.11126176390981207,0.0032398986612419698,0.02858758256047738,0.029907238490077655,0.0125,0.01242162932146987,80,80,80,80,0,0,0,0.0,0.0,80,,,ok
U_A0_U_Y0,0.0,0.0,0.16907314718299088,1000,logistic_gcomp_risk_difference,0.16340340983556864,-0.005669737347422231,0.0031782766008110618,0.028812494712165074,0.001882313360065657,0.028427370122841987,0.0009988598830852195,0.0625,0.027063293868263706,80,80,80,80,0,0,0,0.0,0.0,80,,,ok
U_A0_U_Y0,0.0,0.0,0.16907314718299088,1000,ipw_risk_difference,0.16461117016541943,-0.00446197701757146,0.003263430723426498,0.029347191786388206,0.00201827878583274,0.029189011749771863,0.04432673273030949,1.0,0.0,80,80,80,80,0,0,0,0.0,0.0,80,,,ok
U_A0_U_Y0,0.0,0.0,0.16907314718299088,1000,aipw_risk_difference,0.16251197984438184,-0.006561167338609035,0.003254945496182425,0.02966526354697648,0.001906391657684053,0.02911311757008274,0.031761967742720824,0.9875,0.012421629321469847,80,80,80,80,0,0,0,0.0,0.0,80,,,ok
U_A0_U_Y0,0.0,0.0,0.16907314718299088,1000,adjusted_oracle_includes_U,0.16329630357716846,-0.005776843605822409,0.0031795174515841258,0.028844567752272596,0.0019089528019421687,0.02843846862955601,0.0010057926021932672,0.0625,0.027063293868263706,80,80,80,80,0,0,0,0.0,0.0,80,,,ok
U_A0_U_Y0p5,0.0,0.5,0.16262259248056582,1000,naive_risk_difference,0.2722282864331516,0.10960569395258579,0.0036591512423163747,0.11432921666899232,0.003482523670598718,0.03272844367108888,0.029994875795952725,0.0625,0.027063293868263706,80,80,80,80,0,0,0,0.0,0.0,80,,,ok
U_A0_U_Y0p5,0.0,0.5,0.16262259248056582,1000,logistic_gcomp_risk_difference,0.1621258186899533,-0.0004967737906125469,0.0037147882184891136,0.03302149683689182,0.00222518058466958,0.033226075914228,0.0008963741758868932,0.0,0.0,80,80,80,80,0,0,0,0.0,0.0,80,,,ok
U_A0_U_Y0p5,0.0,0.5,0.16262259248056582,1000,ipw_risk_difference,0.16224093252160415,-0.0003816599589616523,0.00402119420326253,0.03574319357768828,0.00280892794521801,0.035966654356892495,0.04513488425932698,0.9875,0.012421629321469847,80,80,80,80,0,0,0,0.0,0.0,80,,,ok
U_A0_U_Y0p5,0.0,0.5,0.16262259248056582,1000,aipw_risk_difference,0.1619926721945873,-0.0006299202859785125,0.003762127594248729,0.03344445422433887,0.0024095614179967615,0.03364949216307162,0.032235839227690334,0.9625,0.02124080683495803,80,80,80,80,0,0,0,0.0,0.0,80,,,ok
U_A0_U_Y0p5,0.0,0.5,0.16262259248056582,1000,adjusted_oracle_includes_U,0.16236252907386622,-0.0002600634066996097,0.003768707501316652,0.03349801449613776,0.0024034902561119505,0.03370834464102965,0.0011822697474979133,0.05,0.02436698586202241,80,80,80,80,0,0,0,0.0,0.0,80,,,ok
U_A0_U_Y1,0.0,1.0,0.14759830312472688,1000,naive_risk_difference,0.244996190748408,0.0973978876236811,0.0033921672625259096,0.10195776387198015,0.0031484991247733803,0.030340466360229235,0.030313547173543308,0.15,0.03992179855667828,80,80,80,80,0,0,0,0.0,0.0,80,,,ok
U_A0_U_Y1,0.0,1.0,0.14759830312472688,1000,logistic_gcomp_risk_difference,0.14249009454588224,-0.005108208578844642,0.0038073489671497283,0.03422382768393702,0.002336762708886304,0.03405396441844162,0.0006706691916960346,0.0125,0.01242162932146987,80,80,80,80,0,0,0,0.0,0.0,80,,,ok
U_A0_U_Y1,0.0,1.0,0.14759830312472688,1000,ipw_risk_difference,0.14172212851657914,-0.005876174608147756,0.003727849124718182,0.03365087363890792,0.002176288786047416,0.03334289621093179,0.04579086375208183,1.0,0.0,80,80,80,80,0,0,0,0.0,0.0,80,,,ok
U_A0_U_Y1,0.0,1.0,0.14759830312472688,1000,aipw_risk_difference,0.14207612637248412,-0.005522176752242758,0.0037224353972572094,0.03354340372914669,0.0021794583371841144,0.03329447436047422,0.032642205100151075,0.9625,0.02124080683495803,80,80,80,80,0,0,0,0.0,0.0,80,,,ok
U_A0_U_Y1,0.0,1.0,0.14759830312472688,1000,adjusted_oracle_includes_U,0.14208176422470137,-0.005516538900025533,0.003428655770133959,0.0309698393966009,0.0022211658199376323,0.0306668294938657,0.001485915793626754,0.0625,0.027063293868263706,80,80,80,80,0,0,0,0.0,0.0,80,,,ok
U_A0_U_Y1p5,0.0,1.5,0.13061862723709755,1000,naive_risk_difference,0.21343685483816843,0.08281822760107091,0.0033609769387254987,0.08804121725425944,0.0034098332100811588,0.03006149162319744,0.03067037922342351,0.175,0.04248161366991607,80,80,80,80,0,0,0,0.0,0.0,80,,,ok
U_A0_U_Y1p5,0.0,1.5,0.13061862723709755,1000,logistic_gcomp_risk_difference,0.12517604671353696,-0.005442580523560584,0.0033653787818271204,0.030403254036764617,0.0021738768365187427,0.030100862904803495,0.00044129873654267084,0.025,0.017455300054711177,80,80,80,80,0,0,0,0.0,0.0,80,,,ok
U_A0_U_Y1p5,0.0,1.5,0.13061862723709755,1000,ipw_risk_difference,0.12631352789794495,-0.004305099339152607,0.0037112793591968832,0.033266316964732326,0.002414718625903711,0.03319469172262436,0.04628660072994262,1.0,0.0,80,80,80,80,0,0,0,0.0,0.0,80,,,ok
U_A0_U_Y1p5,0.0,1.5,0.13061862723709755,1000,aipw_risk_difference,0.12498027218808674,-0.005638355049010809,0.0034622678645200083,0.03128558214494423,0.0023376045535601327,0.030967465205519087,0.03330405731238015,0.9625,0.02124080683495803,80,80,80,80,0,0,0,0.0,0.0,80,,,ok
U_A0_U_Y1p5,0.0,1.5,0.13061862723709755,1000,adjusted_oracle_includes_U,0.12934563761417883,-0.001272989622918708,0.0026911100545141094,0.02395296005288505,0.002039036526147837,0.02407002006730687,0.0018357869986002332,0.1,0.03354101966249685,80,80,80,80,0,0,0,0.0,0.0,80,,,ok
U_A0p4_U_Y0,0.4,0.0,0.1689216458914039,1000,naive_risk_difference,0.28447221878525925,0.11555057289385537,0.00342622950826282,0.1194961076308269,0.003206363772594878,0.030645128347965383,0.029841628633299366,0.0375,0.021240806834958038,80,80,80,80,0,0,0,0.0,0.0,80,,,ok
U_A0p4_U_Y0,0.4,0.0,0.1689216458914039,1000,logistic_gcomp_risk_difference,0.17191289909776583,0.0029912532063619372,0.0035716313015481268,0.031885969609316285,0.0022999307466109943,0.03194564152331065,0.001037097747056279,0.0375,0.021240806834958038,80,80,80,80,0,0,0,0.0,0.0,80,,,ok
U_A0p4_U_Y0,0.4,0.0,0.1689216458914039,1000,ipw_risk_difference,0.17274427574813273,0.003822629856728858,0.003679753755890969,0.03292899827867615,0.002526226055202037,0.03291271815452951,0.04477737123144823,1.0,0.0,80,80,80,80,0,0,0,0.0,0.0,80,,,ok
U_A0p4_U_Y0,0.4,0.0,0.1689216458914039,1000,aipw_risk_difference,0.1725214920464034,0.003599846154999509,0.003759731727064904,0.03361056266175921,0.0026281410805425653,0.03362806287551924,0.03190232207065888,0.9375,0.027063293868263706,80,80,80,80,0,0,0,0.0,0.0,80,,,ok
U_A0p4_U_Y0,0.4,0.0,0.1689216458914039,1000,adjusted_oracle_includes_U,0.17295758773530293,0.004035941843899009,0.003570912166868953,0.031994538739342056,0.0020549604894460304,0.031939209387200206,0.0010496273746753518,0.0625,0.027063293868263706,80,80,80,80,0,0,0,0.0,0.0,80,,,ok
U_A0p4_U_Y0p5,0.4,0.5,0.16265679541583672,1000,naive_risk_difference,0.3054628098803581,0.14280601446452149,0.0034366219971750612,0.14603621830425165,0.003417323858492488,0.030738081594618112,0.029673978213865977,0.0,0.0,80,80,80,80,0,0,0,0.0,0.0,80,,,ok
U_A0p4_U_Y0p5,0.4,0.5,0.16265679541583672,1000,logistic_gcomp_risk_difference,0.20445312986949454,0.0417963344536578,0.003921420259954967,0.05442204503068274,0.003998749102038395,0.035074249078416816,0.0010570343135626555,0.025,0.017455300054711177,80,80,80,80,0,0,0,0.0,0.0,80,,,ok
U_A0p4_U_Y0p5,0.4,0.5,0.16265679541583672,1000,ipw_risk_difference,0.20587960596535154,0.04322281054951483,0.0038698240206921754,0.05523838203584729,0.0037976443198010318,0.03461275828491703,0.04458580032263372,0.9,0.03354101966249684,80,80,80,80,0,0,0,0.0,0.0,80,,,ok
U_A0p4_U_Y0p5,0.4,0.5,0.16265679541583672,1000,aipw_risk_difference,0.20482325955649,0.04216646414065328,0.0040446832970154195,0.055411264856564016,0.004028830927262751,0.036176747198337814,0.03220737859346469,0.7125,0.050601846557215675,80,80,80,80,0,0,0,0.0,0.0,80,,,ok
U_A0p4_U_Y0p5,0.4,0.5,0.16265679541583672,1000,adjusted_oracle_includes_U,0.16344108085167736,0.0007842854358406194,0.003902885741386917,0.03469847194560958,0.0034175393932385015,0.03490847130462325,0.0011814630227130777,0.0375,0.021240806834958038,80,80,80,80,0,0,0,0.0,0.0,80,,,ok
U_A0p4_U_Y1,0.4,1.0,0.14754195996125885,1000,naive_risk_difference,0.3063380729899584,0.1587961130286995,0.0036378321031435203,0.16205455094956692,0.003639882397591641,0.032537759493439754,0.029748849653847564,0.0,0.0,80,80,80,80,0,0,0,0.0,0.0,80,,,ok
U_A0p4_U_Y1,0.4,1.0,0.14754195996125885,1000,logistic_gcomp_risk_difference,0.2193310231825644,0.07178906322130552,0.003283798468784374,0.07749550216945664,0.00309454439135263,0.029371186402446334,0.0009011427392596312,0.0,0.0,80,80,80,80,0,0,0,0.0,0.0,80,,,ok
U_A0p4_U_Y1,0.4,1.0,0.14754195996125885,1000,ipw_risk_difference,0.21994632483637747,0.07240436487511864,0.003333916495224658,0.0782334774220261,0.0032151546722969096,0.029819455658520753,0.04492847861702449,0.6625,0.052867020674518816,80,80,80,80,0,0,0,0.0,0.0,80,,,ok
U_A0p4_U_Y1,0.4,1.0,0.14754195996125885,1000,aipw_risk_difference,0.21979463390981008,0.0722526739485512,0.0032869398573649815,0.07793563247426992,0.0031832737283924314,0.029399283836086247,0.03260031459702427,0.425,0.05526922742358536,80,80,80,80,0,0,0,0.0,0.0,80,,,ok
U_A0p4_U_Y1,0.4,1.0,0.14754195996125885,1000,adjusted_oracle_includes_U,0.14709744465908134,-0.00044451530217750007,0.0031160656678803065,0.027699764409299856,0.0020353431140665394,0.027870938622934598,0.0014956342609595617,0.075,0.02944804747347437,80,80,80,80,0,0,0,0.0,0.0,80,,,ok
U_A0p4_U_Y1p5,0.4,1.5,0.1301826211903036,1000,naive_risk_difference,0.3007774551297204,0.17059483393941677,0.003651342297915309,0.17365439560334853,0.0035314636141143487,0.03265859834903568,0.02988574225873279,0.0,0.0,80,80,80,80,0,0,0,0.0,0.0,80,,,ok
U_A0p4_U_Y1p5,0.4,1.5,0.1301826211903036,1000,logistic_gcomp_risk_difference,0.22919366002314517,0.09901103883284157,0.00399557618234221,0.10518741133824706,0.003742044121205738,0.035737519811985106,0.0006881426912676975,0.0,0.0,80,80,80,80,0,0,0,0.0,0.0,80,,,ok
U_A0p4_U_Y1p5,0.4,1.5,0.1301826211903036,1000,ipw_risk_difference,0.23236795985014683,0.10218533865984322,0.004154810173946217,0.10865347116391397,0.0037879901322502543,0.03716175193020587,0.045018251785965316,0.375,0.05412658773652741,80,80,80,80,0,0,0,0.0,0.0,80,,,ok
U_A0p4_U_Y1p5,0.4,1.5,0.1301826211903036,1000,aipw_risk_difference,0.23068147533982103,0.1004988541495174,0.004038383590322015,0.10671642097236002,0.0037433981956726784,0.03612040090871875,0.03310149835901808,0.1875,0.04363825013677794,80,80,80,80,0,0,0,0.0,0.0,80,,,ok
U_A0p4_U_Y1p5,0.4,1.5,0.1301826211903036,1000,adjusted_oracle_includes_U,0.13306071355997318,0.0028780923696695737,0.00345895688176288,0.03087830386808897,0.002125916667974311,0.03093785087545001,0.0018686261275688725,0.0875,0.03159187989025028,80,80,80,80,0,0,0,0.0,0.0,80,,,ok
U_A0p8_U_Y0,0.8,0.0,0.1688965484384859,1000,naive_risk_difference,0.27556949642441875,0.10667294798593288,0.003290053338334112,0.11060854152626337,0.0031537170065180664,0.02942713165646076,0.029930752093401857,0.075,0.02944804747347437,80,80,80,80,0,0,0,0.0,0.0,80,,,ok
U_A0p8_U_Y0,0.8,0.0,0.1688965484384859,1000,logistic_gcomp_risk_difference,0.1717551307531448,0.0028585823146588967,0.003355500105788227,0.029961017817913334,0.0022319016146852815,0.03001250534020085,0.0010311379774478313,0.075,0.02944804747347437,80,80,80,80,0,0,0,0.0,0.0,80,,,ok
U_A0p8_U_Y0,0.8,0.0,0.1688965484384859,1000,ipw_risk_difference,0.17224978944542696,0.0033532410069410773,0.003295240917097071,0.02948007172117768,0.0020879996405287374,0.029473530771471197,0.04351312532724176,1.0,0.0,80,80,80,80,0,0,0,0.0,0.0,80,,,ok
U_A0p8_U_Y0,0.8,0.0,0.1688965484384859,1000,aipw_risk_difference,0.17169103173060432,0.0027944832921184444,0.003454346719950617,0.0308298155450042,0.0022331125359476025,0.03089661633465204,0.03131498830021046,0.975,0.017455300054711183,80,80,80,80,0,0,0,0.0,0.0,80,,,ok
U_A0p8_U_Y0,0.8,0.0,0.1688965484384859,1000,adjusted_oracle_includes_U,0.17093205461564848,0.0020355061771625974,0.0032932630009343848,0.02934185065175357,0.0022617985072191744,0.029455839751496952,0.0010349807146394928,0.0375,0.021240806834958038,80,80,80,80,0,0,0,0.0,0.0,80,,,ok
U_A0p8_U_Y0p5,0.8,0.5,0.16271543277438527,1000,naive_risk_difference,0.321330175542049,0.15861474276766374,0.0032856186945768957,0.16128070110691556,0.003308034482564817,0.029387466996872245,0.029494191255007372,0.0,0.0,80,80,80,80,0,0,0,0.0,0.0,80,,,ok
U_A0p8_U_Y0p5,0.8,0.5,0.16271543277438527,1000,logistic_gcomp_risk_difference,0.23162013411791443,0.06890470134352919,0.0034453219599709975,0.07540296477236003,0.0034744792712936494,0.03081589642747185,0.0011688208754460107,0.0125,0.01242162932146987,80,80,80,80,0,0,0,0.0,0.0,80,,,ok
U_A0p8_U_Y0p5,0.8,0.5,0.16271543277438527,1000,ipw_risk_difference,0.23164598900596906,0.06893055623158378,0.0036320545993362664,0.07611553987713517,0.003599032129674806,0.032486083928426626,0.04325003781125555,0.7125,0.050601846557215675,80,80,80,80,0,0,0,0.0,0.0,80,,,ok
U_A0p8_U_Y0p5,0.8,0.5,0.16271543277438527,1000,aipw_risk_difference,0.23068591632770236,0.06797048355331711,0.0035135788993488136,0.07480147279529821,0.003543447902742943,0.03142640505301136,0.031442111844989705,0.425,0.05526922742358536,80,80,80,80,0,0,0,0.0,0.0,80,,,ok
U_A0p8_U_Y0p5,0.8,0.5,0.16271543277438527,1000,adjusted_oracle_includes_U,0.15713196744326222,-0.00558346533112306,0.003809424382179502,0.03431618424102254,0.002428619832138076,0.034072527494794023,0.001143122288291861,0.025,0.017455300054711177,80,80,80,80,0,0,0,0.0,0.0,80,,,ok
U_A0p8_U_Y1,0.8,1.0,0.14749956847109513,1000,naive_risk_difference,0.3554204671222811,0.20792089865118596,0.003441307892900465,0.21015866743249523,0.0034415110596691316,0.030779993520128026,0.02919689280696704,0.0,0.0,80,80,80,80,0,0,0,0.0,0.0,80,,,ok
U_A0p8_U_Y1,0.8,1.0,0.14749956847109513,1000,logistic_gcomp_risk_difference,0.28180636496223677,0.13430679649114166,0.0035183658728206286,0.1378994146416156,0.003659841284514952,0.03146922104536922,0.0010562046791353066,0.0,0.0,80,80,80,80,0,0,0,0.0,0.0,80,,,ok
U_A0p8_U_Y1,0.8,1.0,0.14749956847109513,1000,ipw_risk_difference,0.28066297719025013,0.13316340871915494,0.0036970941091614105,0.1371579574979607,0.003877296693522799,0.03306781498919577,0.043568587489111354,0.0125,0.01242162932146987,80,80,80,80,0,0,0,0.0,0.0,80,,,ok
U_A0p8_U_Y1,0.8,1.0,0.14749956847109513,1000,aipw_risk_difference,0.28087313003187575,0.13337356156078065,0.0036001183463203407,0.13715835461210818,0.003780658269633186,0.03220043739766564,0.031786658274672364,0.0,0.0,80,80,80,80,0,0,0,0.0,0.0,80,,,ok
U_A0p8_U_Y1,0.8,1.0,0.14749956847109513,1000,adjusted_oracle_includes_U,0.14846044155165497,0.0009608730805598355,0.0036810639278742276,0.03273211842706785,0.002755390229833061,0.032924436688996625,0.0015198912781017471,0.05,0.02436698586202241,80,80,80,80,0,0,0,0.0,0.0,80,,,ok
U_A0p8_U_Y1p5,0.8,1.5,0.13041455288450676,1000,naive_risk_difference,0.36725281766845425,0.23683826478394746,0.0032494530619735706,0.23859279187944213,0.0032055839701864786,0.029063991745070964,0.02910856132490684,0.0,0.0,80,80,80,80,0,0,0,0.0,0.0,80,,,ok
U_A0p8_U_Y1p5,0.8,1.5,0.13041455288450676,1000,logistic_gcomp_risk_difference,0.3079985870749604,0.1775840341904536,0.003569136713768539,0.18039525884290938,0.003529367538369064,0.03192332925190667,0.0008441512718210361,0.0,0.0,80,80,80,80,0,0,0,0.0,0.0,80,,,ok
U_A0p8_U_Y1p5,0.8,1.5,0.13041455288450676,1000,ipw_risk_difference,0.3076198501576362,0.17720529727312945,0.0036948234640359085,0.18022264923049766,0.0036633231359124102,0.03304750572178217,0.04423385515743274,0.0,0.0,80,80,80,80,0,0,0,0.0,0.0,80,,,ok
U_A0p8_U_Y1p5,0.8,1.5,0.13041455288450676,1000,aipw_risk_difference,0.30882262556668244,0.17840807268217568,0.0036769109601451394,0.18137666514925918,0.003626427867359582,0.03288729141639421,0.03217916132442447,0.0,0.0,80,80,80,80,0,0,0,0.0,0.0,80,,,ok
U_A0p8_U_Y1p5,0.8,1.5,0.13041455288450676,1000,adjusted_oracle_includes_U,0.12742580927966013,-0.002988743604846634,0.0032824354175500403,0.029327611353400014,0.0021763436757751093,0.029358994901579186,0.001805795768238075,0.0875,0.03159187989025028,80,80,80,80,0,0,0,0.0,0.0,80,,,ok
U_A1p2_U_Y0,1.2,0.0,0.16901541252848218,1000,naive_risk_difference,0.2607168380903122,0.09170142556183002,0.003578499690618755,0.09706079843529403,0.003454512566489491,0.03200707426274201,0.03007345916100803,0.175,0.04248161366991607,80,80,80,80,0,0,0,0.0,0.0,80,,,ok
U_A1p2_U_Y0,1.2,0.0,0.16901541252848218,1000,logistic_gcomp_risk_difference,0.1670595626905368,-0.0019558498379454023,0.003617288944063949,0.03221060250401297,0.002306995043863437,0.0323540158927417,0.0009908233122235316,0.0375,0.021240806834958038,80,80,80,80,0,0,0,0.0,0.0,80,,,ok
U_A1p2_U_Y0,1.2,0.0,0.16901541252848218,1000,ipw_risk_difference,0.16852472751639205,-0.0004906850120901141,0.0036894737620415895,0.032796431001006224,0.0024414260048093504,0.03299965653250751,0.042791018243875475,1.0,0.0,80,80,80,80,0,0,0,0.0,0.0,80,,,ok
U_A1p2_U_Y0,1.2,0.0,0.16901541252848218,1000,aipw_risk_difference,0.16695738834967627,-0.002058024178805924,0.003567532449923091,0.031775638439528416,0.0022690737076071,0.031908980279857585,0.030715025991614485,0.95,0.02436698586202242,80,80,80,80,0,0,0,0.0,0.0,80,,,ok
U_A1p2_U_Y0,1.2,0.0,0.16901541252848218,1000,adjusted_oracle_includes_U,0.16567105941881904,-0.003344353109663116,0.0037756251402899636,0.0337247234017018,0.0027577745510282913,0.03377021788498216,0.0009918425416589078,0.0625,0.027063293868263706,80,80,80,80,0,0,0,0.0,0.0,80,,,ok
U_A1p2_U_Y0p5,1.2,0.5,0.16264402820122092,1000,naive_risk_difference,0.34142181640404423,0.17877778820282325,0.0034464627140140267,0.18138320723975954,0.0034473383670790706,0.030826099641815125,0.029315584961381546,0.0,0.0,80,80,80,80,0,0,0,0.0,0.0,80,,,ok
U_A1p2_U_Y0p5,1.2,0.5,0.16264402820122092,1000,logistic_gcomp_risk_difference,0.2616514120222682,0.09900738382104726,0.0036961372959415325,0.1043154595111085,0.0037581982816327912,0.033059256991590104,0.0012763814928252863,0.0,0.0,80,80,80,80,0,0,0,0.0,0.0,80,,,ok
U_A1p2_U_Y0p5,1.2,0.5,0.16264402820122092,1000,ipw_risk_difference,0.26188538424953506,0.0992413560483141,0.0038214070321596003,0.10489278209218172,0.0038863787420326985,0.034179703574418366,0.04259775822110519,0.3375,0.052867020674518816,80,80,80,80,0,0,0,0.0,0.0,80,,,ok
U_A1p2_U_Y0p5,1.2,0.5,0.16264402820122092,1000,aipw_risk_difference,0.26210811215828966,0.09946408395706877,0.003756904520398378,0.10491966542014237,0.0037895584804365097,0.033602775570348076,0.030987730188799856,0.1125,0.03532770690265645,80,80,80,80,0,0,0,0.0,0.0,80,,,ok
U_A1p2_U_Y0p5,1.2,0.5,0.16264402820122092,1000,adjusted_oracle_includes_U,0.16359467717961215,0.0009506489783912403,0.003981208678602603,0.03539852418313496,0.002813151550747236,0.035609012951870134,0.0011750315918897763,0.0625,0.027063293868263706,80,80,80,80,0,0,0,0.0,0.0,80,,,ok
U_A1p2_U_Y1,1.2,1.0,0.14778512725359683,1000,naive_risk_difference,0.3856753769336475,0.23789024968005065,0.003072132227312362,0.2394522345065547,0.0031211895069735334,0.027477985984553113,0.02884461438929169,0.0,0.0,80,80,80,80,0,0,0,0.0,0.0,80,,,ok
U_A1p2_U_Y1,1.2,1.0,0.14778512725359683,1000,logistic_gcomp_risk_difference,0.32242753092536863,0.17464240367177178,0.00328347205618041,0.17706406487768142,0.003362673753714861,0.029368266879361622,0.0011714552008125721,0.0,0.0,80,80,80,80,0,0,0,0.0,0.0,80,,,ok
U_A1p2_U_Y1,1.2,1.0,0.14778512725359683,1000,ipw_risk_difference,0.3232834111705214,0.1754982839169246,0.0034627762433165543,0.17817666060226967,0.00352897137644863,0.030972012283708668,0.042710412861679765,0.0,0.0,80,80,80,80,0,0,0,0.0,0.0,80,,,ok
U_A1p2_U_Y1,1.2,1.0,0.14778512725359683,1000,aipw_risk_difference,0.32262795910321546,0.17484283184961866,0.003288822457422927,0.17726959059171296,0.0033802968844182835,0.02941612232290229,0.031012862285997967,0.0,0.0,80,80,80,80,0,0,0,0.0,0.0,80,,,ok
U_A1p2_U_Y1,1.2,1.0,0.14778512725359683,1000,adjusted_oracle_includes_U,0.14430221784873173,-0.003482909404865075,0.003457362016860005,0.030926452674967006,0.002487065836434012,0.03092358597009899,0.0014640140582931186,0.0125,0.01242162932146987,80,80,80,80,0,0,0,0.0,0.0,80,,,ok
U_A1p2_U_Y1p5,1.2,1.5,0.1305689196055197,1000,naive_risk_difference,0.41746745108948813,0.28689853148396843,0.0029804605584095,0.2881189612533964,0.0029269587162428683,0.026658049651442497,0.028469100598460206,0.0,0.0,80,80,80,80,0,0,0,0.0,0.0,80,,,ok
U_A1p2_U_Y1p5,1.2,1.5,0.1305689196055197,1000,logistic_gcomp_risk_difference,0.36942625195243795,0.23885733234691817,0.0033779796455184782,0.2407369398082554,0.003324535924693105,0.030213568455959846,0.000921670503086614,0.0,0.0,80,80,80,80,0,0,0,0.0,0.0,80,,,ok
U_A1p2_U_Y1p5,1.2,1.5,0.1305689196055197,1000,ipw_risk_difference,0.3704725593852486,0.2399036397797289,0.0033519227561906472,0.2417464619937093,0.003282208809928114,0.029980508552682965,0.04269531862453736,0.0,0.0,80,80,80,80,0,0,0,0.0,0.0,80,,,ok
U_A1p2_U_Y1p5,1.2,1.5,0.1305689196055197,1000,aipw_risk_difference,0.3703091614474413,0.23974024184192166,0.003376773772182621,0.24161164923487158,0.0033035939313840594,0.030202782796954923,0.03091832553861914,0.0,0.0,80,80,80,80,0,0,0,0.0,0.0,80,,,ok
U_A1p2_U_Y1p5,1.2,1.5,0.1305689196055197,1000,adjusted_oracle_includes_U,0.12710497941874627,-0.003463940186773431,0.0033110432977065973,0.029632355482500525,0.00242962556945562,0.029614871560468103,0.0017659896721062295,0.125,0.0369754986443726,80,80,80,80,0,0,0,0.0,0.0,80,,,ok
