estimator,estimate,se,ci_lower,ci_upper,status,error_type,error_message,sample_size,replication,seed,truth,error,covered,treatment_prevalence,propensity_p01,propensity_p99,positivity_warning
naive_difference,3.0195898017696026,0.09822194772598729,2.8270783217352915,3.2121012818039136,ok,,,1000,0,20450605,2.3,0.7195898017696027,False,0.523,0.11106064677647319,0.8881718883539919,False
adjusted_ols,2.240538431225147,0.06627756298461468,2.1106367947922173,2.370440067658077,ok,,,1000,0,20450605,2.3,-0.05946156877485276,True,0.523,0.11106064677647319,0.8881718883539919,False
ipw,2.2281803885364915,0.143789850852426,1.9463574595233506,2.5100033175496326,ok,,,1000,0,20450605,2.3,-0.07181961146350835,True,0.523,0.11106064677647319,0.8881718883539919,False
aipw,2.2382964355208617,0.06623701108412486,2.1084742793523965,2.368118591689327,ok,,,1000,0,20450605,2.3,-0.06170356447913816,True,0.523,0.11106064677647319,0.8881718883539919,False
naive_difference,3.1605204616343667,0.09783943610270911,2.968758690605349,3.3522822326633843,ok,,,1000,1,20450606,2.3,0.8605204616343669,False,0.484,0.11238568131391917,0.8861751538934983,False
adjusted_ols,2.2696918183225887,0.07085593006699181,2.130816747300196,2.408566889344981,ok,,,1000,1,20450606,2.3,-0.030308181677411117,True,0.484,0.11238568131391917,0.8861751538934983,False
ipw,2.201738127509898,0.14652446194301372,1.9145554592474814,2.4889207957723145,ok,,,1000,1,20450606,2.3,-0.09826187249010188,True,0.484,0.11238568131391917,0.8861751538934983,False
aipw,2.271685799841254,0.07450493394104135,2.125658812646277,2.4177127870362307,ok,,,1000,1,20450606,2.3,-0.028314200158745972,True,0.484,0.11238568131391917,0.8861751538934983,False
naive_difference,3.015852487630244,0.09636916467025229,2.8269723956563397,3.204732579604148,ok,,,1000,2,20450607,2.3,0.7158524876302441,False,0.513,0.11435290716030769,0.8944152604289642,False
adjusted_ols,2.355451790152668,0.06910711550116436,2.2200043326949364,2.4908992476104,ok,,,1000,2,20450607,2.3,0.05545179015266832,True,0.513,0.11435290716030769,0.8944152604289642,False
ipw,2.3421179489675152,0.1323575254109984,2.0827019660791133,2.601533931855917,ok,,,1000,2,20450607,2.3,0.04211794896751542,True,0.513,0.11435290716030769,0.8944152604289642,False
aipw,2.3487507597395396,0.0692862734353094,2.212952159183339,2.4845493602957403,ok,,,1000,2,20450607,2.3,0.048750759739539795,True,0.513,0.11435290716030769,0.8944152604289642,False
naive_difference,3.194408878131025,0.09842391564880691,3.001501548241955,3.3873162080200947,ok,,,1000,3,20450608,2.3,0.8944088781310251,False,0.527,0.14089909117801488,0.895540391840684,False
adjusted_ols,2.2219269772731485,0.06853509961751142,2.087600650345961,2.3562533042003357,ok,,,1000,3,20450608,2.3,-0.07807302272685135,True,0.527,0.14089909117801488,0.895540391840684,False
ipw,2.2409922084079703,0.1491062211625996,1.948749385058411,2.5332350317575294,ok,,,1000,3,20450608,2.3,-0.05900779159202951,True,0.527,0.14089909117801488,0.895540391840684,False
aipw,2.205431882274968,0.07874328649977874,2.051097876711083,2.3597658878388534,ok,,,1000,3,20450608,2.3,-0.09456811772503171,True,0.527,0.14089909117801488,0.895540391840684,False
naive_difference,3.1278126135813,0.0958765115558316,2.939898103968532,3.315727123194068,ok,,,1000,4,20450609,2.3,0.8278126135813002,False,0.52,0.12849525948217994,0.8825081901152343,False
adjusted_ols,2.223530385885728,0.07197955562082271,2.082453049245718,2.3646077225257383,ok,,,1000,4,20450609,2.3,-0.07646961411427178,True,0.52,0.12849525948217994,0.8825081901152343,False
ipw,2.2446265680687416,0.13692461563590763,1.9762592528253726,2.5129938833121104,ok,,,1000,4,20450609,2.3,-0.05537343193125821,True,0.52,0.12849525948217994,0.8825081901152343,False
aipw,2.2168959941545983,0.0720422796502731,2.0756957206759,2.3580962676332966,ok,,,1000,4,20450609,2.3,-0.08310400584540156,True,0.52,0.12849525948217994,0.8825081901152343,False
naive_difference,3.0270135063693124,0.097329056066253,2.836252061830177,3.217774950908448,ok,,,1000,5,20450610,2.3,0.7270135063693126,False,0.512,0.12377078864219035,0.8862379324361664,False
adjusted_ols,2.3025098551380916,0.06960782350410429,2.1660810280278264,2.4389386822483567,ok,,,1000,5,20450610,2.3,0.0025098551380917655,True,0.512,0.12377078864219035,0.8862379324361664,False
ipw,2.2484211288901643,0.13599796054310248,1.9818700242547842,2.5149722335255444,ok,,,1000,5,20450610,2.3,-0.0515788711098355,True,0.512,0.12377078864219035,0.8862379324361664,False
aipw,2.2968410819603187,0.06710033248723571,2.165326846934674,2.4283553169859635,ok,,,1000,5,20450610,2.3,-0.003158918039681158,True,0.512,0.12377078864219035,0.8862379324361664,False
naive_difference,3.1184057579865456,0.09617200941268736,2.9299120832168315,3.3068994327562597,ok,,,1000,6,20450611,2.3,0.8184057579865458,False,0.519,0.13283259640962597,0.8945759352581653,False
adjusted_ols,2.4192999152757584,0.0699311352288113,2.282237408829288,2.5563624217222287,ok,,,1000,6,20450611,2.3,0.11929991527575856,True,0.519,0.13283259640962597,0.8945759352581653,False
ipw,2.273382270227362,0.18289838374329834,1.914908025259911,2.631856515194813,ok,,,1000,6,20450611,2.3,-0.026617729772637766,True,0.519,0.13283259640962597,0.8945759352581653,False
aipw,2.389264613981405,0.07203549490951032,2.2480776383502463,2.530451589612564,ok,,,1000,6,20450611,2.3,0.08926461398140528,True,0.519,0.13283259640962597,0.8945759352581653,False
naive_difference,3.0653927132735177,0.09425845511822094,2.8806495360034194,3.250135890543616,ok,,,1000,7,20450612,2.3,0.7653927132735179,False,0.509,0.13033015801220205,0.8767870005764594,False
adjusted_ols,2.362970635260204,0.06816356992529295,2.229372493148952,2.4965687773714555,ok,,,1000,7,20450612,2.3,0.06297063526020397,True,0.509,0.13033015801220205,0.8767870005764594,False
ipw,2.403815236676051,0.12235771895960258,2.1639985142847564,2.6436319590673456,ok,,,1000,7,20450612,2.3,0.10381523667605119,True,0.509,0.13033015801220205,0.8767870005764594,False
aipw,2.3809680009699994,0.06722959964737452,2.2492004069660987,2.5127355949739,ok,,,1000,7,20450612,2.3,0.08096800096999957,True,0.509,0.13033015801220205,0.8767870005764594,False
naive_difference,3.064287841437176,0.09219252301045182,2.8835938166928106,3.2449818661815417,ok,,,1000,8,20450613,2.3,0.7642878414371763,False,0.5,0.13538441841409288,0.8833912423741844,False
adjusted_ols,2.2934417776868465,0.06867968410424242,2.1588320703729433,2.4280514850007497,ok,,,1000,8,20450613,2.3,-0.0065582223131532835,True,0.5,0.13538441841409288,0.8833912423741844,False
ipw,2.312472045749483,0.12390823529069861,2.0696163671917986,2.5553277243071673,ok,,,1000,8,20450613,2.3,0.01247204574948313,True,0.5,0.13538441841409288,0.8833912423741844,False
aipw,2.2855900807795337,0.06822056150535782,2.1518802372239327,2.4192999243351347,ok,,,1000,8,20450613,2.3,-0.014409919220466083,True,0.5,0.13538441841409288,0.8833912423741844,False
naive_difference,3.1271985549582713,0.09514143416739046,2.9407247705526975,3.313672339363845,ok,,,1000,9,20450614,2.3,0.8271985549582714,False,0.506,0.12534549264261358,0.8808175136010866,False
adjusted_ols,2.296434535826645,0.0695341540743557,2.160150098145449,2.432718973507841,ok,,,1000,9,20450614,2.3,-0.003565464173354904,True,0.506,0.12534549264261358,0.8808175136010866,False
ipw,2.2478122045074462,0.14704840489395474,1.9596026269312314,2.536021782083661,ok,,,1000,9,20450614,2.3,-0.05218779549255359,True,0.506,0.12534549264261358,0.8808175136010866,False
aipw,2.3096269990562743,0.07447224044541295,2.1636640899352577,2.455589908177291,ok,,,1000,9,20450614,2.3,0.00962699905627451,True,0.506,0.12534549264261358,0.8808175136010866,False
naive_difference,3.174286105639574,0.09695471364637094,2.9842583587612928,3.364313852517855,ok,,,1000,10,20450615,2.3,0.8742861056395741,False,0.514,0.1196602745121481,0.8698664245319356,False
adjusted_ols,2.3481457323892445,0.07076645685735591,2.2094460256353194,2.4868454391431696,ok,,,1000,10,20450615,2.3,0.04814573238924469,True,0.514,0.1196602745121481,0.8698664245319356,False
ipw,2.3588560760381836,0.13258607831756258,2.098992137684354,2.618720014392013,ok,,,1000,10,20450615,2.3,0.05885607603818377,True,0.514,0.1196602745121481,0.8698664245319356,False
aipw,2.359448095006952,0.07725291142140635,2.2080351709201325,2.5108610190937717,ok,,,1000,10,20450615,2.3,0.05944809500695225,True,0.514,0.1196602745121481,0.8698664245319356,False
naive_difference,3.3195193155805423,0.09735016783276478,3.1287164927393936,3.510322138421691,ok,,,1000,11,20450616,2.3,1.0195193155805424,False,0.499,0.12475260162515149,0.8708200912625932,False
adjusted_ols,2.308714855805905,0.07089211981497896,2.1697688541808478,2.447660857430962,ok,,,1000,11,20450616,2.3,0.008714855805905142,True,0.499,0.12475260162515149,0.8708200912625932,False
ipw,2.216864991022093,0.1606923694168783,1.901913734374606,2.53181624766958,ok,,,1000,11,20450616,2.3,-0.08313500897790682,True,0.499,0.12475260162515149,0.8708200912625932,False
aipw,2.2839222194005124,0.07134154446404808,2.1440953616495153,2.4237490771515096,ok,,,1000,11,20450616,2.3,-0.01607778059948739,True,0.499,0.12475260162515149,0.8708200912625932,False
naive_difference,3.1704623031720462,0.09902910629379418,2.976368821415021,3.3645557849290717,ok,,,1000,12,20450617,2.3,0.8704623031720464,False,0.512,0.12786607979609527,0.8745122315480716,False
adjusted_ols,2.2867506420357957,0.0698405113895294,2.1498657550504587,2.4236355290211327,ok,,,1000,12,20450617,2.3,-0.013249357964204123,True,0.512,0.12786607979609527,0.8745122315480716,False
ipw,2.2900759591369377,0.1326994313440464,2.029989852933661,2.5501620653402144,ok,,,1000,12,20450617,2.3,-0.009924040863062089,True,0.512,0.12786607979609527,0.8745122315480716,False
aipw,2.306771256384176,0.07054167896965015,2.168512106194675,2.445030406573677,ok,,,1000,12,20450617,2.3,0.006771256384176194,True,0.512,0.12786607979609527,0.8745122315480716,False
naive_difference,3.020480700265303,0.0981464558794786,2.8281171815312756,3.2128442189993307,ok,,,1000,13,20450618,2.3,0.7204807002653033,False,0.529,0.12735418530653714,0.8772747449713315,False
adjusted_ols,2.172759956817946,0.06795581807851105,2.0395690008441085,2.305950912791783,ok,,,1000,13,20450618,2.3,-0.12724004318205395,True,0.529,0.12735418530653714,0.8772747449713315,False
ipw,2.191601067139194,0.13719063777137822,1.9227123580912124,2.460489776187176,ok,,,1000,13,20450618,2.3,-0.10839893286080571,True,0.529,0.12735418530653714,0.8772747449713315,False
aipw,2.183086792451485,0.06507044982435671,2.055551054337925,2.310622530565045,ok,,,1000,13,20450618,2.3,-0.11691320754851464,True,0.529,0.12735418530653714,0.8772747449713315,False
naive_difference,3.112228405552983,0.09319434913529903,2.9295708376851457,3.2948859734208207,ok,,,1000,14,20450619,2.3,0.8122284055529834,False,0.499,0.12016786804235575,0.8931444953527522,False
adjusted_ols,2.340775216060422,0.06600486430793255,2.211408059212421,2.470142372908423,ok,,,1000,14,20450619,2.3,0.040775216060422004,True,0.499,0.12016786804235575,0.8931444953527522,False
ipw,2.36149112092225,0.12918417524670261,2.108294790066202,2.614687451778298,ok,,,1000,14,20450619,2.3,0.061491120922250175,True,0.499,0.12016786804235575,0.8931444953527522,False
aipw,2.343835030681883,0.07081191939286967,2.2050462189957054,2.482623842368061,ok,,,1000,14,20450619,2.3,0.043835030681883325,True,0.499,0.12016786804235575,0.8931444953527522,False
naive_difference,3.1643659344974546,0.09582076718209641,2.976560681849548,3.352171187145361,ok,,,1000,15,20450620,2.3,0.8643659344974548,False,0.497,0.1253380418320086,0.8789980293107336,False
adjusted_ols,2.3096365680945525,0.06726721826246465,2.177795242959927,2.441477893229178,ok,,,1000,15,20450620,2.3,0.009636568094552711,True,0.497,0.1253380418320086,0.8789980293107336,False
ipw,2.2871124382997894,0.13118051694403118,2.030003349616142,2.5442215269834367,ok,,,1000,15,20450620,2.3,-0.012887561700210437,True,0.497,0.1253380418320086,0.8789980293107336,False
aipw,2.3236046137701885,0.06636280887392552,2.193535898464379,2.4536733290759978,ok,,,1000,15,20450620,2.3,0.02360461377018863,True,0.497,0.1253380418320086,0.8789980293107336,False
naive_difference,2.971662451733943,0.097213429001898,2.7811276320765814,3.1621972713913045,ok,,,1000,16,20450621,2.3,0.6716624517339431,False,0.503,0.13443223994536385,0.8730294756767553,False
adjusted_ols,2.3067620016157937,0.06903244732281624,2.1714608910984152,2.442063112133172,ok,,,1000,16,20450621,2.3,0.006762001615793878,True,0.503,0.13443223994536385,0.8730294756767553,False
ipw,2.2894954764812736,0.1283387363870767,2.037956175341223,2.541034777621324,ok,,,1000,16,20450621,2.3,-0.010504523518726216,True,0.503,0.13443223994536385,0.8730294756767553,False
aipw,2.3203892221642266,0.06892052686095385,2.1853074717212317,2.4554709726072215,ok,,,1000,16,20450621,2.3,0.020389222164226783,True,0.503,0.13443223994536385,0.8730294756767553,False
naive_difference,3.006916501048768,0.0990521464111879,2.8127778614914516,3.2010551406060848,ok,,,1000,17,20450622,2.3,0.7069165010487684,False,0.539,0.12596650473514465,0.8634604932888742,False
adjusted_ols,2.2395894974427,0.06905443090102027,2.1042452999037904,2.3749336949816096,ok,,,1000,17,20450622,2.3,-0.06041050255729985,True,0.539,0.12596650473514465,0.8634604932888742,False
ipw,2.186134000163572,0.14228473593978927,1.907261042171793,2.4650069581553504,ok,,,1000,17,20450622,2.3,-0.11386599983642798,True,0.539,0.12596650473514465,0.8634604932888742,False
aipw,2.2597491081575307,0.07115311782764085,2.1202915598276197,2.3992066564874417,ok,,,1000,17,20450622,2.3,-0.040250891842469105,True,0.539,0.12596650473514465,0.8634604932888742,False
naive_difference,3.0919817671556897,0.09229540581626872,2.9110860958172946,3.272877438494085,ok,,,1000,18,20450623,2.3,0.7919817671556899,False,0.524,0.14114582584339264,0.8811507292221072,False
adjusted_ols,2.264040304116402,0.06667418351415845,2.133361305730037,2.3947193025027667,ok,,,1000,18,20450623,2.3,-0.03595969588359793,True,0.524,0.14114582584339264,0.8811507292221072,False
ipw,2.2152230251055927,0.14234218580662572,1.9362374674438978,2.4942085827672873,ok,,,1000,18,20450623,2.3,-0.08477697489440716,True,0.524,0.14114582584339264,0.8811507292221072,False
aipw,2.2526594868903054,0.06807745004984625,2.1192301366332824,2.3860888371473283,ok,,,1000,18,20450623,2.3,-0.04734051310969445,True,0.524,0.14114582584339264,0.8811507292221072,False
naive_difference,3.161229243838911,0.09525648316701282,2.97452996753762,3.347928520140202,ok,,,1000,19,20450624,2.3,0.8612292438389111,False,0.52,0.1467327152019239,0.877108752072319,False
adjusted_ols,2.354980419987288,0.06834619506826642,2.2210243391731366,2.4889365008014392,ok,,,1000,19,20450624,2.3,0.05498041998728809,True,0.52,0.1467327152019239,0.877108752072319,False
ipw,2.3530383681269114,0.13175061918639033,2.0948118995807343,2.6112648366730884,ok,,,1000,19,20450624,2.3,0.05303836812691154,True,0.52,0.1467327152019239,0.877108752072319,False
aipw,2.345479391046867,0.07129107664088095,2.2057514484116556,2.4852073336820784,ok,,,1000,19,20450624,2.3,0.04547939104686716,True,0.52,0.1467327152019239,0.877108752072319,False
naive_difference,2.964853448167308,0.09749394165514894,2.7737688338123667,3.155938062522249,ok,,,1000,20,20450625,2.3,0.6648534481673081,False,0.489,0.11712468145944384,0.8654769978419891,False
adjusted_ols,2.270068617418533,0.06842972084820219,2.135948829083927,2.404188405753139,ok,,,1000,20,20450625,2.3,-0.02993138258146688,True,0.489,0.11712468145944384,0.8654769978419891,False
ipw,2.332801937593275,0.12651022596487682,2.0848464510260922,2.5807574241604576,ok,,,1000,20,20450625,2.3,0.0328019375932751,True,0.489,0.11712468145944384,0.8654769978419891,False
aipw,2.283474402896776,0.06922270409429837,2.147800395959478,2.419148409834074,ok,,,1000,20,20450625,2.3,-0.016525597103223877,True,0.489,0.11712468145944384,0.8654769978419891,False
naive_difference,3.3762137181407885,0.09404464979996613,3.191889591594173,3.560537844687404,ok,,,1000,21,20450626,2.3,1.0762137181407887,False,0.498,0.12239367364350527,0.8913871195631594,False
adjusted_ols,2.4854486317118587,0.06912398630299549,2.3499681080901476,2.62092915533357,ok,,,1000,21,20450626,2.3,0.18544863171185888,False,0.498,0.12239367364350527,0.8913871195631594,False
ipw,2.5389016886352564,0.12463281457119045,2.294625860783864,2.783177516486649,ok,,,1000,21,20450626,2.3,0.23890168863525663,True,0.498,0.12239367364350527,0.8913871195631594,False
aipw,2.512531346063189,0.06823407545624213,2.378795015650566,2.6462676764758117,ok,,,1000,21,20450626,2.3,0.21253134606318902,False,0.498,0.12239367364350527,0.8913871195631594,False
naive_difference,3.1245220909471034,0.10030568275120015,2.9279265653100506,3.3211176165841563,ok,,,1000,22,20450627,2.3,0.8245220909471036,False,0.493,0.11701175301627889,0.8730523444014907,False
adjusted_ols,2.1968673238664547,0.07159094572854725,2.0565516486193403,2.337182999113569,ok,,,1000,22,20450627,2.3,-0.10313267613354515,True,0.493,0.11701175301627889,0.8730523444014907,False
ipw,2.21099903880912,0.1295354590420188,1.9571142043659,2.46488387325234,ok,,,1000,22,20450627,2.3,-0.08900096119087975,True,0.493,0.11701175301627889,0.8730523444014907,False
aipw,2.205909745949076,0.07337708372511484,2.062093304557271,2.349726187340881,ok,,,1000,22,20450627,2.3,-0.09409025405092386,True,0.493,0.11701175301627889,0.8730523444014907,False
naive_difference,2.9372530880430068,0.09535310365675091,2.7503644390616606,3.124141737024353,ok,,,1000,23,20450628,2.3,0.637253088043007,False,0.524,0.14095274737313696,0.8813468661410089,False
adjusted_ols,2.2666294683355908,0.0677606584419138,2.13382101822072,2.3994379184504617,ok,,,1000,23,20450628,2.3,-0.033370531664409064,True,0.524,0.14095274737313696,0.8813468661410089,False
ipw,2.2781841176811652,0.1258502631851406,2.0315221343934025,2.524846100968928,ok,,,1000,23,20450628,2.3,-0.02181588231883458,True,0.524,0.14095274737313696,0.8813468661410089,False
aipw,2.2671230287511372,0.06823046708085351,2.1333937706243185,2.400852286877956,ok,,,1000,23,20450628,2.3,-0.032876971248862574,True,0.524,0.14095274737313696,0.8813468661410089,False
naive_difference,3.1319797689978013,0.09369875744197696,2.948333579015372,3.3156259589802306,ok,,,1000,24,20450629,2.3,0.8319797689978015,False,0.483,0.11867177340629649,0.8772066985432905,False
adjusted_ols,2.373391058447163,0.06857991683637238,2.238976891385121,2.507805225509205,ok,,,1000,24,20450629,2.3,0.0733910584471631,True,0.483,0.11867177340629649,0.8772066985432905,False
ipw,2.3510862555599683,0.1277285199453765,2.1007429566684244,2.6014295544515122,ok,,,1000,24,20450629,2.3,0.051086255559968485,True,0.483,0.11867177340629649,0.8772066985432905,False
aipw,2.395756568040351,0.06889030549436301,2.260734050387438,2.5307790856932644,ok,,,1000,24,20450629,2.3,0.09575656804035138,True,0.483,0.11867177340629649,0.8772066985432905,False
naive_difference,3.1406777749015014,0.09354565854786476,2.957331653237605,3.324023896565398,ok,,,1000,25,20450630,2.3,0.8406777749015015,False,0.507,0.12485215575428439,0.8731035980589574,False
adjusted_ols,2.3882899419407413,0.06955132561354174,2.2519718486611815,2.524608035220301,ok,,,1000,25,20450630,2.3,0.08828994194074147,True,0.507,0.12485215575428439,0.8731035980589574,False
ipw,2.3567106666018165,0.1317044239046986,2.098574739144011,2.614846594059622,ok,,,1000,25,20450630,2.3,0.05671066660181667,True,0.507,0.12485215575428439,0.8731035980589574,False
aipw,2.3839695005946204,0.07231952378212542,2.242225838602567,2.525713162586674,ok,,,1000,25,20450630,2.3,0.0839695005946206,True,0.507,0.12485215575428439,0.8731035980589574,False
naive_difference,3.1001319098834097,0.0965311050226681,2.9109344206511265,3.289329399115693,ok,,,1000,26,20450631,2.3,0.8001319098834099,False,0.506,0.14048076580493316,0.8671448754147244,False
adjusted_ols,2.3177893086983454,0.06772584927296732,2.1850490833009415,2.4505295340957494,ok,,,1000,26,20450631,2.3,0.017789308698345607,True,0.506,0.14048076580493316,0.8671448754147244,False
ipw,2.3568729824497203,0.12372448512873846,2.1143774475916315,2.599368517307809,ok,,,1000,26,20450631,2.3,0.0568729824497205,True,0.506,0.14048076580493316,0.8671448754147244,False
aipw,2.3550561166253257,0.06498909460209312,2.2276798318173565,2.482432401433295,ok,,,1000,26,20450631,2.3,0.055056116625325835,True,0.506,0.14048076580493316,0.8671448754147244,False
naive_difference,3.0338130268964916,0.09561047534767633,2.8464199386702913,3.221206115122692,ok,,,1000,27,20450632,2.3,0.7338130268964917,False,0.527,0.1371055253792564,0.8845123803812553,False
adjusted_ols,2.26559790833156,0.06973329479186122,2.1289231620161972,2.4022726546469224,ok,,,1000,27,20450632,2.3,-0.034402091668439994,True,0.527,0.1371055253792564,0.8845123803812553,False
ipw,2.2347647118977516,0.14366573337541538,1.9531850486694036,2.5163443751260997,ok,,,1000,27,20450632,2.3,-0.06523528810224821,True,0.527,0.1371055253792564,0.8845123803812553,False
aipw,2.269957822705119,0.0693278784884057,2.1340776777432744,2.4058379676669635,ok,,,1000,27,20450632,2.3,-0.0300421772948809,True,0.527,0.1371055253792564,0.8845123803812553,False
naive_difference,3.1823579863700973,0.09653309515218027,2.9931565965556457,3.371559376184549,ok,,,1000,28,20450633,2.3,0.8823579863700974,False,0.518,0.13615878417084207,0.8957907135058842,False
adjusted_ols,2.2819101486722455,0.07026329362031032,2.144196623741274,2.419623673603217,ok,,,1000,28,20450633,2.3,-0.018089851327754314,True,0.518,0.13615878417084207,0.8957907135058842,False
ipw,2.2925279885910275,0.13952717372861542,2.019059753218278,2.565996223963777,ok,,,1000,28,20450633,2.3,-0.007472011408972357,True,0.518,0.13615878417084207,0.8957907135058842,False
aipw,2.265956018857798,0.07077050225653486,2.127248383267179,2.404663654448417,ok,,,1000,28,20450633,2.3,-0.03404398114220175,True,0.518,0.13615878417084207,0.8957907135058842,False
naive_difference,3.071692817864041,0.09557061321827577,2.884377857975813,3.2590077777522692,ok,,,1000,29,20450634,2.3,0.7716928178640412,False,0.545,0.12402145166060284,0.8880021518158058,False
adjusted_ols,2.3353139796786904,0.07021603169044253,2.1976930864281,2.472934872929281,ok,,,1000,29,20450634,2.3,0.035313979678690544,True,0.545,0.12402145166060284,0.8880021518158058,False
ipw,2.3396004715972065,0.13314347517827915,2.0786440554712766,2.6005568877231364,ok,,,1000,29,20450634,2.3,0.0396004715972067,True,0.545,0.12402145166060284,0.8880021518158058,False
aipw,2.33310166103411,0.06986189383958898,2.196174865216755,2.470028456851465,ok,,,1000,29,20450634,2.3,0.033101661034110386,True,0.545,0.12402145166060284,0.8880021518158058,False
naive_difference,3.1243631129313654,0.09567749495610472,2.9368386686863874,3.3118875571763433,ok,,,1000,30,20450635,2.3,0.8243631129313655,False,0.494,0.12474071088887151,0.8852503671238539,False
adjusted_ols,2.3340817895686845,0.06849215000317777,2.199839642338741,2.468323936798628,ok,,,1000,30,20450635,2.3,0.034081789568684684,True,0.494,0.12474071088887151,0.8852503671238539,False
ipw,2.330117592353746,0.1316132304595943,2.072160400763971,2.588074783943521,ok,,,1000,30,20450635,2.3,0.030117592353746225,True,0.494,0.12474071088887151,0.8852503671238539,False
aipw,2.3146379530963275,0.06928121914127813,2.1788492587743953,2.4504266474182597,ok,,,1000,30,20450635,2.3,0.01463795309632765,True,0.494,0.12474071088887151,0.8852503671238539,False
naive_difference,3.0372805269960548,0.09669045190303169,2.8477707236172103,3.2267903303748993,ok,,,1000,31,20450636,2.3,0.737280526996055,False,0.521,0.12365705017827912,0.8672173307237707,False
adjusted_ols,2.241855555455832,0.07008062954707384,2.104500045529674,2.3792110653819902,ok,,,1000,31,20450636,2.3,-0.05814444454416767,True,0.521,0.12365705017827912,0.8672173307237707,False
ipw,2.2869998373193305,0.12564310920787686,2.040743868366259,2.533255806272402,ok,,,1000,31,20450636,2.3,-0.01300016268066928,True,0.521,0.12365705017827912,0.8672173307237707,False
aipw,2.2532232936645995,0.07003112346371503,2.1159648138788403,2.3904817734503587,ok,,,1000,31,20450636,2.3,-0.04677670633540032,True,0.521,0.12365705017827912,0.8672173307237707,False
naive_difference,3.0538746571687505,0.09490830784040444,2.8678577919679173,3.2398915223695837,ok,,,1000,32,20450637,2.3,0.7538746571687507,False,0.494,0.13648431722449744,0.8726441316905985,False
adjusted_ols,2.2592836197194077,0.06963844408700866,2.1227947773694646,2.395772462069351,ok,,,1000,32,20450637,2.3,-0.0407163802805921,True,0.494,0.13648431722449744,0.8726441316905985,False
ipw,2.2585040546213255,0.13110156974121454,2.001549699611879,2.515458409630772,ok,,,1000,32,20450637,2.3,-0.04149594537867429,True,0.494,0.13648431722449744,0.8726441316905985,False
aipw,2.2400715504188264,0.07302795155755443,2.096939395501284,2.383203705336369,ok,,,1000,32,20450637,2.3,-0.05992844958117338,True,0.494,0.13648431722449744,0.8726441316905985,False
naive_difference,3.19444205548081,0.09636184206121497,3.0055763155568918,3.3833077954047286,ok,,,1000,33,20450638,2.3,0.8944420554808103,False,0.498,0.12153387096258095,0.8659461569379411,False
adjusted_ols,2.322387727258909,0.07170309879327946,2.181852236044164,2.4629232184736543,ok,,,1000,33,20450638,2.3,0.02238772725890925,True,0.498,0.12153387096258095,0.8659461569379411,False
ipw,2.320634558607955,0.1345201940499001,2.0569798230768117,2.5842892941390985,ok,,,1000,33,20450638,2.3,0.020634558607955267,True,0.498,0.12153387096258095,0.8659461569379411,False
aipw,2.315203248509025,0.07381513176834835,2.1705282487289836,2.459878248289066,ok,,,1000,33,20450638,2.3,0.015203248509024991,True,0.498,0.12153387096258095,0.8659461569379411,False
naive_difference,3.290625202773157,0.09458434671137236,3.1052432897176176,3.476007115828696,ok,,,1000,34,20450639,2.3,0.990625202773157,False,0.515,0.15304400161566664,0.8918328262918317,False
adjusted_ols,2.287766962017062,0.07236619142382211,2.1459318331280395,2.4296020909060845,ok,,,1000,34,20450639,2.3,-0.012233037982937844,True,0.515,0.15304400161566664,0.8918328262918317,False
ipw,2.34605606017866,0.1325633132682132,2.0862367405016617,2.6058753798556586,ok,,,1000,34,20450639,2.3,0.046056060178660374,True,0.515,0.15304400161566664,0.8918328262918317,False
aipw,2.3159004420217424,0.07619697994272594,2.1665571056032786,2.465243778440206,ok,,,1000,34,20450639,2.3,0.015900442021742567,True,0.515,0.15304400161566664,0.8918328262918317,False
naive_difference,3.0538275571607674,0.09492916074534823,2.8677698210172715,3.2398852933042632,ok,,,1000,35,20450640,2.3,0.7538275571607675,False,0.523,0.12869825252613357,0.8802719434408045,False
adjusted_ols,2.243776943917414,0.06894006481792955,2.108656899782415,2.378896988052413,ok,,,1000,35,20450640,2.3,-0.05622305608258582,True,0.523,0.12869825252613357,0.8802719434408045,False
ipw,2.270752285183526,0.1278891880549893,2.020094082583677,2.521410487783375,ok,,,1000,35,20450640,2.3,-0.029247714816473813,True,0.523,0.12869825252613357,0.8802719434408045,False
aipw,2.2507032305166303,0.06877378355575306,2.1159090916668015,2.385497369366459,ok,,,1000,35,20450640,2.3,-0.049296769483369474,True,0.523,0.12869825252613357,0.8802719434408045,False
naive_difference,3.2699268494224984,0.09143792289995008,3.090711813717446,3.449141885127551,ok,,,1000,36,20450641,2.3,0.9699268494224986,False,0.498,0.1265067889050084,0.8696901484519908,False
adjusted_ols,2.423273678876375,0.07197796545804927,2.2821994588981305,2.56434789885462,ok,,,1000,36,20450641,2.3,0.1232736788763753,True,0.498,0.1265067889050084,0.8696901484519908,False
ipw,2.4690831848382233,0.12690830310672496,2.2203474814099495,2.717818888266497,ok,,,1000,36,20450641,2.3,0.1690831848382235,True,0.498,0.1265067889050084,0.8696901484519908,False
aipw,2.45365727334277,0.07404122241528435,2.3085391440374927,2.598775402648047,ok,,,1000,36,20450641,2.3,0.15365727334277013,False,0.498,0.1265067889050084,0.8696901484519908,False
naive_difference,3.086295524448548,0.09619108765001283,2.897764457020787,3.274826591876309,ok,,,1000,37,20450642,2.3,0.7862955244485481,False,0.497,0.1303327375338514,0.8624311729720445,False
adjusted_ols,2.353191483376489,0.06861208509611466,2.218714267683907,2.487668699069071,ok,,,1000,37,20450642,2.3,0.053191483376489046,True,0.497,0.1303327375338514,0.8624311729720445,False
ipw,2.3378317516292166,0.12232726029205403,2.098074727129334,2.577588776129099,ok,,,1000,37,20450642,2.3,0.037831751629216814,True,0.497,0.1303327375338514,0.8624311729720445,False
aipw,2.363507383980608,0.06958200651282408,2.2271291572434415,2.4998856107177745,ok,,,1000,37,20450642,2.3,0.06350738398060818,True,0.497,0.1303327375338514,0.8624311729720445,False
naive_difference,3.0198193827663737,0.09346212999898247,2.8366369740499677,3.2030017914827797,ok,,,1000,38,20450643,2.3,0.7198193827663739,False,0.499,0.12199662823642513,0.8860722145450106,False
adjusted_ols,2.2426639606978247,0.06830525469522854,2.1087881215403415,2.376539799855308,ok,,,1000,38,20450643,2.3,-0.057336039302175124,True,0.499,0.12199662823642513,0.8860722145450106,False
ipw,2.2408074347892764,0.13408861498007169,1.9779985786914778,2.503616290887075,ok,,,1000,38,20450643,2.3,-0.05919256521072347,True,0.499,0.12199662823642513,0.8860722145450106,False
aipw,2.2238267415828057,0.07352312700785324,2.079724060616649,2.367929422548962,ok,,,1000,38,20450643,2.3,-0.07617325841719413,True,0.499,0.12199662823642513,0.8860722145450106,False
naive_difference,3.0692442191279414,0.09576376218825228,2.8815506942149085,3.2569377440409744,ok,,,1000,39,20450644,2.3,0.7692442191279416,False,0.535,0.12108396713467111,0.8780917435035708,False
adjusted_ols,2.2989656899761437,0.06574926327306613,2.170099501950892,2.4278318780013954,ok,,,1000,39,20450644,2.3,-0.001034310023856122,True,0.535,0.12108396713467111,0.8780917435035708,False
ipw,2.3287963522127373,0.12510434307953086,2.083596345467314,2.5739963589581607,ok,,,1000,39,20450644,2.3,0.028796352212737464,True,0.535,0.12108396713467111,0.8780917435035708,False
aipw,2.3124681618525176,0.06572586745148803,2.1836478287949475,2.4412884949100877,ok,,,1000,39,20450644,2.3,0.012468161852517756,True,0.535,0.12108396713467111,0.8780917435035708,False
naive_difference,3.0114542715175334,0.09232499001273352,2.8305006162195556,3.192407926815511,ok,,,1000,40,20450645,2.3,0.7114542715175336,False,0.507,0.1363620457922095,0.8666839507638138,False
adjusted_ols,2.2501508352105333,0.06939265172475152,2.114143737038289,2.3861579333827776,ok,,,1000,40,20450645,2.3,-0.04984916478946655,True,0.507,0.1363620457922095,0.8666839507638138,False
ipw,2.2325126123080934,0.13305034798554785,1.9717387221258984,2.4932865024902884,ok,,,1000,40,20450645,2.3,-0.06748738769190643,True,0.507,0.1363620457922095,0.8666839507638138,False
aipw,2.245561278970151,0.07146741126539127,2.105487726821672,2.38563483111863,ok,,,1000,40,20450645,2.3,-0.054438721029848924,True,0.507,0.1363620457922095,0.8666839507638138,False
naive_difference,3.0491971012783288,0.09651781948007368,2.860025651231046,3.2383685513256117,ok,,,1000,41,20450646,2.3,0.749197101278329,False,0.517,0.13317691597899153,0.8744950832996093,False
adjusted_ols,2.299873379532582,0.06891730489243243,2.1647979440318483,2.434948815033316,ok,,,1000,41,20450646,2.3,-0.00012662046741773736,True,0.517,0.13317691597899153,0.8744950832996093,False
ipw,2.301650352229433,0.13119613262133184,2.044510657380682,2.558790047078184,ok,,,1000,41,20450646,2.3,0.0016503522294333273,True,0.517,0.13317691597899153,0.8744950832996093,False
aipw,2.298261890670001,0.06739269111403196,2.1661746432652658,2.430349138074736,ok,,,1000,41,20450646,2.3,-0.0017381093299988493,True,0.517,0.13317691597899153,0.8744950832996093,False
naive_difference,2.905183010723711,0.09642096001537462,2.7162014017388,3.094164619708622,ok,,,1000,42,20450647,2.3,0.6051830107237111,False,0.521,0.1312518173586867,0.8684858102618137,False
adjusted_ols,2.1968002342693587,0.06983510022354893,2.059925952974458,2.3336745155642595,ok,,,1000,42,20450647,2.3,-0.10319976573064116,True,0.521,0.1312518173586867,0.8684858102618137,False
ipw,2.213191132761412,0.12682219156008084,1.964624204863214,2.4617580606596103,ok,,,1000,42,20450647,2.3,-0.0868088672385876,True,0.521,0.1312518173586867,0.8684858102618137,False
aipw,2.1990089866047575,0.07114954144423918,2.059558447857509,2.338459525352006,ok,,,1000,42,20450647,2.3,-0.1009910133952423,True,0.521,0.1312518173586867,0.8684858102618137,False
naive_difference,3.0446011353081053,0.09991354386802753,2.8487741877590085,3.240428082857202,ok,,,1000,43,20450648,2.3,0.7446011353081055,False,0.515,0.11840302231031528,0.8751164525186189,False
adjusted_ols,2.203742206506546,0.07156050910151959,2.063486185952217,2.3439982270608755,ok,,,1000,43,20450648,2.3,-0.09625779349345365,True,0.515,0.11840302231031528,0.8751164525186189,False
ipw,2.157117024318188,0.1445972002951992,1.873711719474273,2.4405223291621025,ok,,,1000,43,20450648,2.3,-0.14288297568181196,True,0.515,0.11840302231031528,0.8751164525186189,False
aipw,2.2154490915814153,0.07256335869105665,2.0732275219496827,2.357670661213148,ok,,,1000,43,20450648,2.3,-0.08455090841858448,True,0.515,0.11840302231031528,0.8751164525186189,False
naive_difference,3.0669562060155267,0.092890256146702,2.8848946494532903,3.249017762577763,ok,,,1000,44,20450649,2.3,0.7669562060155268,False,0.518,0.13180966246240708,0.8629637796584239,False
adjusted_ols,2.3268550453833043,0.06921742783375377,2.1911913797266465,2.4625187110399622,ok,,,1000,44,20450649,2.3,0.02685504538330452,True,0.518,0.13180966246240708,0.8629637796584239,False
ipw,2.41787430030316,0.12189956837760037,2.1789555365520856,2.6567930640542343,ok,,,1000,44,20450649,2.3,0.11787430030316015,True,0.518,0.13180966246240708,0.8629637796584239,False
aipw,2.339284392992946,0.06795979879265984,2.206085634962744,2.4724831510231478,ok,,,1000,44,20450649,2.3,0.03928439299294606,True,0.518,0.13180966246240708,0.8629637796584239,False
naive_difference,3.145361559816254,0.09602403136747671,2.9571579166856554,3.3335652029468528,ok,,,1000,45,20450650,2.3,0.8453615598162543,False,0.515,0.12668875609262492,0.8949266426585544,False
adjusted_ols,2.3661383925808277,0.07006053217840125,2.228822272773452,2.5034545123882035,ok,,,1000,45,20450650,2.3,0.06613839258082788,True,0.515,0.12668875609262492,0.8949266426585544,False
ipw,2.414659699883326,0.1223180904526241,2.17492064793847,2.6543987518281815,ok,,,1000,45,20450650,2.3,0.11465969988332603,True,0.515,0.12668875609262492,0.8949266426585544,False
aipw,2.4070065854154827,0.07292453678177355,2.26407711973394,2.5499360510970255,ok,,,1000,45,20450650,2.3,0.10700658541548291,True,0.515,0.12668875609262492,0.8949266426585544,False
naive_difference,3.1881475058951088,0.0924546935957521,3.0069396362457486,3.369355375544469,ok,,,1000,46,20450651,2.3,0.8881475058951089,False,0.501,0.1193627945037061,0.8874366975994369,False
adjusted_ols,2.3346964744069427,0.06903532827660798,2.1993897173238914,2.470003231489994,ok,,,1000,46,20450651,2.3,0.0346964744069429,True,0.501,0.1193627945037061,0.8874366975994369,False
ipw,2.321386773672238,0.14005950207940224,2.0468751939039964,2.595898353440479,ok,,,1000,46,20450651,2.3,0.021386773672237958,True,0.501,0.1193627945037061,0.8874366975994369,False
aipw,2.3545290811892157,0.07240602569863837,2.212615878556203,2.4964422838222284,ok,,,1000,46,20450651,2.3,0.054529081189215844,True,0.501,0.1193627945037061,0.8874366975994369,False
naive_difference,2.9373267528242994,0.0996725542869582,2.741972136174748,3.132681369473851,ok,,,1000,47,20450652,2.3,0.6373267528242996,False,0.526,0.13188448328870608,0.8681797499018894,False
adjusted_ols,2.158913889691763,0.07058226335903149,2.02057519556074,2.297252583822786,ok,,,1000,47,20450652,2.3,-0.1410861103082368,False,0.526,0.13188448328870608,0.8681797499018894,False
ipw,2.155132667199561,0.13277198454790654,1.8949043593297556,2.4153609750693663,ok,,,1000,47,20450652,2.3,-0.14486733280043884,True,0.526,0.13188448328870608,0.8681797499018894,False
aipw,2.1853857040545956,0.07157083269555554,2.045109449627765,2.3256619584814264,ok,,,1000,47,20450652,2.3,-0.11461429594540418,True,0.526,0.13188448328870608,0.8681797499018894,False
naive_difference,3.0585682098568547,0.09294644951245937,2.876396516321564,3.2407399033921456,ok,,,1000,48,20450653,2.3,0.7585682098568549,False,0.505,0.12950077625147086,0.8755838336453737,False
adjusted_ols,2.245023088946704,0.06657564931966642,2.114537214032789,2.375508963860619,ok,,,1000,48,20450653,2.3,-0.05497691105329583,True,0.505,0.12950077625147086,0.8755838336453737,False
ipw,2.2290957955320274,0.13501368603690253,1.9644738334797,2.4937177575843545,ok,,,1000,48,20450653,2.3,-0.07090420446797241,True,0.505,0.12950077625147086,0.8755838336453737,False
aipw,2.2655006379579428,0.0749839227707275,2.118534849907784,2.4124664260081015,ok,,,1000,48,20450653,2.3,-0.03449936204205706,True,0.505,0.12950077625147086,0.8755838336453737,False
naive_difference,3.0225130773311135,0.09663807014433216,2.833105940312767,3.21192021434946,ok,,,1000,49,20450654,2.3,0.7225130773311137,False,0.528,0.142552718476397,0.8767195463097586,False
adjusted_ols,2.278294348767905,0.06996344048797863,2.1411685251769557,2.4154201723588544,ok,,,1000,49,20450654,2.3,-0.02170565123209478,True,0.528,0.142552718476397,0.8767195463097586,False
ipw,2.24992877424207,0.14031075930206569,1.974924739366553,2.5249328091175873,ok,,,1000,49,20450654,2.3,-0.05007122575792966,True,0.528,0.142552718476397,0.8767195463097586,False
aipw,2.282087783186012,0.07335667375276028,2.138311344604947,2.4258642217670765,ok,,,1000,49,20450654,2.3,-0.017912216813988024,True,0.528,0.142552718476397,0.8767195463097586,False
naive_difference,3.221358772800067,0.10061409426372434,3.024158771706049,3.418558773894085,ok,,,1000,50,20450655,2.3,0.9213587728000672,False,0.548,0.14242480900311405,0.8846171315658407,False
adjusted_ols,2.2337748924604472,0.07223135940209137,2.09220402947798,2.3753457554429147,ok,,,1000,50,20450655,2.3,-0.06622510753955257,True,0.548,0.14242480900311405,0.8846171315658407,False
ipw,2.2434097968312234,0.14170040276417478,1.9656821108186209,2.5211374828438258,ok,,,1000,50,20450655,2.3,-0.05659020316877639,True,0.548,0.14242480900311405,0.8846171315658407,False
aipw,2.2783188990816523,0.0824183616794026,2.1167818785252273,2.4398559196380774,ok,,,1000,50,20450655,2.3,-0.021681100918347518,True,0.548,0.14242480900311405,0.8846171315658407,False
naive_difference,3.3010885334951374,0.09538081717161923,3.114145567022764,3.488031499967511,ok,,,1000,51,20450656,2.3,1.0010885334951376,False,0.485,0.12565151813120432,0.889513042082273,False
adjusted_ols,2.415099776398505,0.07004729256190444,2.277809605762632,2.5523899470343783,ok,,,1000,51,20450656,2.3,0.11509977639850533,True,0.485,0.12565151813120432,0.889513042082273,False
ipw,2.4315788191344088,0.1344653115086499,2.1680316514074955,2.695125986861322,ok,,,1000,51,20450656,2.3,0.13157881913440894,True,0.485,0.12565151813120432,0.889513042082273,False
aipw,2.4050924586255342,0.07405186492396278,2.2599534703865425,2.550231446864526,ok,,,1000,51,20450656,2.3,0.1050924586255344,True,0.485,0.12565151813120432,0.889513042082273,False
naive_difference,3.2525804601548165,0.10091909505736588,3.054782668490005,3.450378251819628,ok,,,1000,52,20450657,2.3,0.9525804601548167,False,0.497,0.10756166732480266,0.9062705717017935,False
adjusted_ols,2.3583209901444073,0.06952858361717017,2.2220474703586723,2.4945945099301423,ok,,,1000,52,20450657,2.3,0.0583209901444075,True,0.497,0.10756166732480266,0.9062705717017935,False
ipw,2.4347484143908185,0.1279065410636563,2.1840562005189588,2.685440628262678,ok,,,1000,52,20450657,2.3,0.13474841439081864,True,0.497,0.10756166732480266,0.9062705717017935,False
aipw,2.3867765756813886,0.0690033182467319,2.2515325571040385,2.5220205942587386,ok,,,1000,52,20450657,2.3,0.08677657568138875,True,0.497,0.10756166732480266,0.9062705717017935,False
naive_difference,3.1223973859202876,0.09406414710922656,2.938035045349726,3.3067597264908493,ok,,,1000,53,20450658,2.3,0.8223973859202878,False,0.518,0.14511971241143035,0.8782645633912319,False
adjusted_ols,2.390678767312324,0.06825675158835583,2.2568979924974495,2.524459542127199,ok,,,1000,53,20450658,2.3,0.09067876731232438,True,0.518,0.14511971241143035,0.8782645633912319,False
ipw,2.4040936885064266,0.12750499933279383,2.154188481965347,2.653998895047506,ok,,,1000,53,20450658,2.3,0.10409368850642675,True,0.518,0.14511971241143035,0.8782645633912319,False
aipw,2.408460233378021,0.06888388957534101,2.273450290695319,2.5434701760607235,ok,,,1000,53,20450658,2.3,0.10846023337802135,True,0.518,0.14511971241143035,0.8782645633912319,False
naive_difference,3.1812099842177517,0.09463553392294048,2.99572774607107,3.3666922223644336,ok,,,1000,54,20450659,2.3,0.8812099842177519,False,0.547,0.13575033476878343,0.877417428598202,False
adjusted_ols,2.3728762583916008,0.06798593507318651,2.2396262741928767,2.506126242590325,ok,,,1000,54,20450659,2.3,0.07287625839160095,True,0.547,0.13575033476878343,0.877417428598202,False
ipw,2.4090149175147344,0.12196661667326189,2.1699647415189385,2.6480650935105303,ok,,,1000,54,20450659,2.3,0.10901491751473458,True,0.547,0.13575033476878343,0.877417428598202,False
aipw,2.3511624612202087,0.06628675581346066,2.221242807173825,2.4810821152665925,ok,,,1000,54,20450659,2.3,0.051162461220208844,True,0.547,0.13575033476878343,0.877417428598202,False
naive_difference,3.0034473275155835,0.09527852096299015,2.816704857927878,3.190189797103289,ok,,,1000,55,20450660,2.3,0.7034473275155837,False,0.514,0.15336211109293138,0.8818994918743726,False
adjusted_ols,2.254990251154698,0.06713184173630152,2.1234142591357044,2.386566243173692,ok,,,1000,55,20450660,2.3,-0.04500974884530162,True,0.514,0.15336211109293138,0.8818994918743726,False
ipw,2.2761179175510224,0.13429456442371163,2.0129054079610538,2.539330427140991,ok,,,1000,55,20450660,2.3,-0.023882082448977382,True,0.514,0.15336211109293138,0.8818994918743726,False
aipw,2.269262045857418,0.07126294012142204,2.1295892497869966,2.40893484192784,ok,,,1000,55,20450660,2.3,-0.030737954142581625,True,0.514,0.15336211109293138,0.8818994918743726,False
naive_difference,3.1855616628490573,0.09665883021551179,2.996113836838882,3.3750094888592326,ok,,,1000,56,20450661,2.3,0.8855616628490575,False,0.51,0.12328097196454524,0.8776629077488336,False
adjusted_ols,2.383653825276452,0.0700048696625286,2.246446801995475,2.5208608485574286,ok,,,1000,56,20450661,2.3,0.08365382527645204,True,0.51,0.12328097196454524,0.8776629077488336,False
ipw,2.3912375679211544,0.1410341911385921,2.114815632700776,2.667659503141533,ok,,,1000,56,20450661,2.3,0.09123756792115456,True,0.51,0.12328097196454524,0.8776629077488336,False
aipw,2.3998867612381245,0.07434212914870955,2.2541788655726283,2.5455946569036207,ok,,,1000,56,20450661,2.3,0.09988676123812468,True,0.51,0.12328097196454524,0.8776629077488336,False
naive_difference,3.0549044662525087,0.09422957098283138,2.8702179008474986,3.2395910316575187,ok,,,1000,57,20450662,2.3,0.7549044662525088,False,0.497,0.11871424691486752,0.8642274292633052,False
adjusted_ols,2.3722821354906842,0.06952622878027503,2.236013231100453,2.5085510398809157,ok,,,1000,57,20450662,2.3,0.07228213549068441,True,0.497,0.11871424691486752,0.8642274292633052,False
ipw,2.3733805843560765,0.12702914444659655,2.124408036253811,2.622353132458342,ok,,,1000,57,20450662,2.3,0.07338058435607664,True,0.497,0.11871424691486752,0.8642274292633052,False
aipw,2.385427611615101,0.07205686745216448,2.2441987465700826,2.52665647666012,ok,,,1000,57,20450662,2.3,0.08542761161510137,True,0.497,0.11871424691486752,0.8642274292633052,False
naive_difference,3.1389786178544608,0.0935942949668047,2.9555371705611053,3.322420065147816,ok,,,1000,58,20450663,2.3,0.8389786178544609,False,0.511,0.13176143079768704,0.8640412340172022,False
adjusted_ols,2.296183567528176,0.06733541255438502,2.164208584037435,2.428158551018917,ok,,,1000,58,20450663,2.3,-0.0038164324718237275,True,0.511,0.13176143079768704,0.8640412340172022,False
ipw,2.315964764560938,0.12808720873470125,2.0649184485606593,2.5670110805612163,ok,,,1000,58,20450663,2.3,0.015964764560937983,True,0.511,0.13176143079768704,0.8640412340172022,False
aipw,2.2980610406070063,0.0703290867224331,2.160218563565443,2.4359035176485695,ok,,,1000,58,20450663,2.3,-0.001938959392993489,True,0.511,0.13176143079768704,0.8640412340172022,False
naive_difference,3.070169937302739,0.09660404491787125,2.8808294885028216,3.259510386102656,ok,,,1000,59,20450664,2.3,0.7701699373027391,False,0.481,0.1280528842853156,0.8765416103400523,False
adjusted_ols,2.253420287645668,0.06942378048369124,2.1173521782270184,2.3894883970643175,ok,,,1000,59,20450664,2.3,-0.04657971235433189,True,0.481,0.1280528842853156,0.8765416103400523,False
ipw,2.2549772524606597,0.13320005322012263,1.993909945410401,2.5160445595109184,ok,,,1000,59,20450664,2.3,-0.0450227475393401,True,0.481,0.1280528842853156,0.8765416103400523,False
aipw,2.2853682948032614,0.06818360951628369,2.151730875815403,2.41900571379112,ok,,,1000,59,20450664,2.3,-0.014631705196738398,True,0.481,0.1280528842853156,0.8765416103400523,False
naive_difference,3.1612804209367407,0.09743071895365127,2.9703197207997403,3.352241121073741,ok,,,1000,60,20450665,2.3,0.8612804209367408,False,0.525,0.11384483316058816,0.8691112369395871,False
adjusted_ols,2.2945920733487197,0.06950192998247662,2.158370793727041,2.4308133529703984,ok,,,1000,60,20450665,2.3,-0.005407926651280093,True,0.525,0.11384483316058816,0.8691112369395871,False
ipw,2.330998516390883,0.12873558881026484,2.0786813987942065,2.5833156339875596,ok,,,1000,60,20450665,2.3,0.030998516390883246,True,0.525,0.11384483316058816,0.8691112369395871,False
aipw,2.291181609284212,0.0677558040942806,2.15838267351587,2.4239805450525536,ok,,,1000,60,20450665,2.3,-0.008818390715787938,True,0.525,0.11384483316058816,0.8691112369395871,False
naive_difference,3.3448066359068247,0.10269445403959152,3.1435292045772214,3.546084067236428,ok,,,1000,61,20450666,2.3,1.0448066359068249,False,0.51,0.12254148117379231,0.8952676313136049,False
adjusted_ols,2.3480912298833987,0.07113538593537576,2.208668435423705,2.4875140243430924,ok,,,1000,61,20450666,2.3,0.04809122988339887,True,0.51,0.12254148117379231,0.8952676313136049,False
ipw,2.359766498674024,0.1505711154126877,2.064652535353132,2.6548804619949156,ok,,,1000,61,20450666,2.3,0.05976649867402406,True,0.51,0.12254148117379231,0.8952676313136049,False
aipw,2.387709249911771,0.0778145559308951,2.235195522814239,2.5402229770093028,ok,,,1000,61,20450666,2.3,0.08770924991177109,True,0.51,0.12254148117379231,0.8952676313136049,False
naive_difference,3.206469114634874,0.09643673774634824,3.017456581865497,3.395481647404251,ok,,,1000,62,20450667,2.3,0.906469114634874,False,0.538,0.13121107716982253,0.8864578807442859,False
adjusted_ols,2.3079177747189945,0.07083174753263516,2.169090100592996,2.446745448844993,ok,,,1000,62,20450667,2.3,0.007917774718994686,True,0.538,0.13121107716982253,0.8864578807442859,False
ipw,2.300297477238876,0.13511405213282052,2.0354788012532805,2.5651161532244715,ok,,,1000,62,20450667,2.3,0.00029747723887618704,True,0.538,0.13121107716982253,0.8864578807442859,False
aipw,2.3318146123484893,0.07052724826208596,2.1935837458260856,2.470045478870893,ok,,,1000,62,20450667,2.3,0.03181461234848948,True,0.538,0.13121107716982253,0.8864578807442859,False
naive_difference,3.3370411322666738,0.09560300469508584,3.1496626862504917,3.524419578282856,ok,,,1000,63,20450668,2.3,1.037041132266674,False,0.508,0.1290871881111521,0.8703405353166687,False
adjusted_ols,2.33314623543248,0.0673690882494497,2.201105248792258,2.465187222072702,ok,,,1000,63,20450668,2.3,0.033146235432480076,True,0.508,0.1290871881111521,0.8703405353166687,False
ipw,2.3340327885867063,0.1345296316114463,2.0703595557748304,2.597706021398582,ok,,,1000,63,20450668,2.3,0.03403278858670644,True,0.508,0.1290871881111521,0.8703405353166687,False
aipw,2.3266283524171314,0.06882978533388764,2.1917244520990886,2.461532252735174,ok,,,1000,63,20450668,2.3,0.026628352417131573,True,0.508,0.1290871881111521,0.8703405353166687,False
naive_difference,2.8594584315800975,0.09554219904095024,2.672199162456078,3.046717700704117,ok,,,1000,64,20450669,2.3,0.5594584315800977,False,0.522,0.14658490618978,0.8729205716994921,False
adjusted_ols,2.1294079536490567,0.0694679325301684,1.993253307809468,2.265562599488645,ok,,,1000,64,20450669,2.3,-0.17059204635094316,False,0.522,0.14658490618978,0.8729205716994921,False
ipw,2.112824318717882,0.14138055804686592,1.8357235168318504,2.389925120603914,ok,,,1000,64,20450669,2.3,-0.1871756812821177,True,0.522,0.14658490618978,0.8729205716994921,False
aipw,2.1264508843616974,0.07063461720786757,1.9880095785725038,2.264892190150891,ok,,,1000,64,20450669,2.3,-0.17354911563830244,False,0.522,0.14658490618978,0.8729205716994921,False
naive_difference,3.098019821530117,0.09875794496641818,2.904457806208749,3.2915818368514853,ok,,,1000,65,20450670,2.3,0.7980198215301173,False,0.493,0.11716258675200526,0.8815910544521816,False
adjusted_ols,2.263325306765391,0.0668480369011072,2.132305562002016,2.3943450515287656,ok,,,1000,65,20450670,2.3,-0.036674693234608924,True,0.493,0.11716258675200526,0.8815910544521816,False
ipw,2.2620857437484707,0.1389311046969905,1.9897857822100058,2.534385705286936,ok,,,1000,65,20450670,2.3,-0.03791425625152911,True,0.493,0.11716258675200526,0.8815910544521816,False
aipw,2.2292962815354302,0.07396660093650163,2.0843244076410405,2.37426815542982,ok,,,1000,65,20450670,2.3,-0.07070371846456958,True,0.493,0.11716258675200526,0.8815910544521816,False
naive_difference,3.251186989215919,0.09497196744757835,3.065045353477755,3.437328624954083,ok,,,1000,66,20450671,2.3,0.9511869892159193,False,0.511,0.12941756442995017,0.8785783464999658,False
adjusted_ols,2.3749133634527944,0.07106216487439591,2.235634079635531,2.5141926472700575,ok,,,1000,66,20450671,2.3,0.07491336345279453,True,0.511,0.12941756442995017,0.8785783464999658,False
ipw,2.446946790975413,0.12003776361030374,2.211677097514485,2.6822164844363408,ok,,,1000,66,20450671,2.3,0.14694679097541297,True,0.511,0.12941756442995017,0.8785783464999658,False
aipw,2.369632702180892,0.0671230905987591,2.238073862076305,2.5011915422854787,ok,,,1000,66,20450671,2.3,0.06963270218089201,True,0.511,0.12941756442995017,0.8785783464999658,False
naive_difference,3.099995190351522,0.09600660506637641,2.9118257021434637,3.28816467855958,ok,,,1000,67,20450672,2.3,0.7999951903515221,False,0.522,0.13014929932779282,0.8773576565025336,False
adjusted_ols,2.345548971773945,0.06799379816973952,2.21228357618917,2.4788143673587197,ok,,,1000,67,20450672,2.3,0.04554897177394501,True,0.522,0.13014929932779282,0.8773576565025336,False
ipw,2.296739165468797,0.14219305545184793,2.018045897931468,2.575432433006126,ok,,,1000,67,20450672,2.3,-0.0032608345312028497,True,0.522,0.13014929932779282,0.8773576565025336,False
aipw,2.3430155436114104,0.07260292121456947,2.200716432858455,2.4853146543643656,ok,,,1000,67,20450672,2.3,0.04301554361141058,True,0.522,0.13014929932779282,0.8773576565025336,False
naive_difference,3.205880383909116,0.09602553672582047,3.0176737903303796,3.3940869774878526,ok,,,1000,68,20450673,2.3,0.9058803839091163,False,0.5,0.13021640601183856,0.8900292374920885,False
adjusted_ols,2.3747219035888065,0.07074413785906371,2.236065941267705,2.513377865909908,ok,,,1000,68,20450673,2.3,0.0747219035888067,True,0.5,0.13021640601183856,0.8900292374920885,False
ipw,2.3186741307630263,0.15178747162155787,2.0211761530803773,2.6161721084456753,ok,,,1000,68,20450673,2.3,0.018674130763026486,True,0.5,0.13021640601183856,0.8900292374920885,False
aipw,2.369625214416219,0.07502310874322377,2.2225826232712684,2.5166678055611698,ok,,,1000,68,20450673,2.3,0.06962521441621927,True,0.5,0.13021640601183856,0.8900292374920885,False
naive_difference,3.009384863100627,0.0963745705306325,2.820494175835072,3.1982755503661817,ok,,,1000,69,20450674,2.3,0.709384863100627,False,0.49,0.11010294325762848,0.8891093708956201,False
adjusted_ols,2.3042833774080576,0.06911933437893686,2.1688119713899603,2.439754783426155,ok,,,1000,69,20450674,2.3,0.004283377408057731,True,0.49,0.11010294325762848,0.8891093708956201,False
ipw,2.3239559395030382,0.13094777956779732,2.0673030076946657,2.580608871311411,ok,,,1000,69,20450674,2.3,0.023955939503038426,True,0.49,0.11010294325762848,0.8891093708956201,False
aipw,2.3183568490124653,0.06850722207032975,2.1840851610737313,2.4526285369511993,ok,,,1000,69,20450674,2.3,0.01835684901246548,True,0.49,0.11010294325762848,0.8891093708956201,False
naive_difference,3.202652069851585,0.09700675868078443,3.0125223165802795,3.3927818231228906,ok,,,1000,70,20450675,2.3,0.9026520698515852,False,0.494,0.13120710813450223,0.8846683817666855,False
adjusted_ols,2.4249218802809533,0.06750135314880035,2.2926216592015853,2.5572221013603214,ok,,,1000,70,20450675,2.3,0.12492188028095352,True,0.494,0.13120710813450223,0.8846683817666855,False
ipw,2.4189733221121164,0.12867502405234854,2.166774909259688,2.6711717349645445,ok,,,1000,70,20450675,2.3,0.11897332211211653,True,0.494,0.13120710813450223,0.8846683817666855,False
aipw,2.408616825743877,0.0690393788888772,2.273302129606663,2.5439315218810914,ok,,,1000,70,20450675,2.3,0.10861682574387732,True,0.494,0.13120710813450223,0.8846683817666855,False
naive_difference,3.1372439486648234,0.09460258901943797,2.9518262813424805,3.3226616159871663,ok,,,1000,71,20450676,2.3,0.8372439486648235,False,0.517,0.14102209747744665,0.906612565354651,False
adjusted_ols,2.3475047376968776,0.06656487520859772,2.217039979652623,2.4779694957411325,ok,,,1000,71,20450676,2.3,0.0475047376968778,True,0.517,0.14102209747744665,0.906612565354651,False
ipw,2.3473474369633425,0.13918690834789485,2.0745461094819913,2.6201487644446937,ok,,,1000,71,20450676,2.3,0.04734743696334265,True,0.517,0.14102209747744665,0.906612565354651,False
aipw,2.3545257593890043,0.07044833561388311,2.216449558815003,2.4926019599630056,ok,,,1000,71,20450676,2.3,0.0545257593890045,True,0.517,0.14102209747744665,0.906612565354651,False
naive_difference,3.057721504409592,0.09671636206200751,2.868160918052321,3.2472820907668627,ok,,,1000,72,20450677,2.3,0.757721504409592,False,0.515,0.1050631273654779,0.8703828069470901,False
adjusted_ols,2.322804239942806,0.06768701166013802,2.190140134867793,2.4554683450178194,ok,,,1000,72,20450677,2.3,0.022804239942806337,True,0.515,0.1050631273654779,0.8703828069470901,False
ipw,2.341946516954863,0.12573575512608007,2.0955089653387984,2.5883840685709276,ok,,,1000,72,20450677,2.3,0.04194651695486318,True,0.515,0.1050631273654779,0.8703828069470901,False
aipw,2.3310053429371864,0.06623964006631157,2.2011780340583194,2.4608326518160535,ok,,,1000,72,20450677,2.3,0.031005342937186597,True,0.515,0.1050631273654779,0.8703828069470901,False
naive_difference,3.0700824449744184,0.09196790261491711,2.8898286681154937,3.250336221833343,ok,,,1000,73,20450678,2.3,0.7700824449744186,False,0.512,0.12402344011078907,0.8806458192209179,False
adjusted_ols,2.378730032252311,0.06626710355873609,2.2488488959174022,2.50861116858722,ok,,,1000,73,20450678,2.3,0.07873003225231123,True,0.512,0.12402344011078907,0.8806458192209179,False
ipw,2.4099577439755815,0.122905752748284,2.1690668950961602,2.6508485928550027,ok,,,1000,73,20450678,2.3,0.10995774397558167,True,0.512,0.12402344011078907,0.8806458192209179,False
aipw,2.394918233904415,0.06549310369166345,2.2665541094330073,2.523282358375823,ok,,,1000,73,20450678,2.3,0.09491823390441523,True,0.512,0.12402344011078907,0.8806458192209179,False
naive_difference,3.1514371440076188,0.09875852025566387,2.9578740011400484,3.345000286875189,ok,,,1000,74,20450679,2.3,0.8514371440076189,False,0.505,0.10716419883766519,0.8923316997988612,False
adjusted_ols,2.2355365504031357,0.07114984519727555,2.0960854163108755,2.374987684495396,ok,,,1000,74,20450679,2.3,-0.06446344959686412,True,0.505,0.10716419883766519,0.8923316997988612,False
ipw,2.2394744697997475,0.1373884598604609,1.9701980365818172,2.5087509030176776,ok,,,1000,74,20450679,2.3,-0.06052553020025231,True,0.505,0.10716419883766519,0.8923316997988612,False
aipw,2.2015810871521744,0.07576822762506036,2.0530780898346235,2.3500840844697253,ok,,,1000,74,20450679,2.3,-0.09841891284782545,True,0.505,0.10716419883766519,0.8923316997988612,False
naive_difference,3.083043295962031,0.09891442183882779,2.8891745916063263,3.2769120003177354,ok,,,1000,75,20450680,2.3,0.783043295962031,False,0.505,0.12242908056439661,0.8800414435123985,False
adjusted_ols,2.326812343197851,0.07273613049780651,2.184252147047345,2.469372539348357,ok,,,1000,75,20450680,2.3,0.026812343197851085,True,0.505,0.12242908056439661,0.8800414435123985,False
ipw,2.2692555437575592,0.1380416498575068,1.9986988816703573,2.539812205844761,ok,,,1000,75,20450680,2.3,-0.0307444562424406,True,0.505,0.12242908056439661,0.8800414435123985,False
aipw,2.320347717980093,0.0710007219383927,2.1811888601045006,2.4595065758556856,ok,,,1000,75,20450680,2.3,0.02034771798009327,True,0.505,0.12242908056439661,0.8800414435123985,False
naive_difference,3.1855590065627744,0.09330394835029596,3.002686628180809,3.36843138494474,ok,,,1000,76,20450681,2.3,0.8855590065627745,False,0.481,0.1440930726061005,0.8705720630556463,False
adjusted_ols,2.4176953691651883,0.0685571082590346,2.283325906093267,2.5520648322371096,ok,,,1000,76,20450681,2.3,0.11769536916518852,True,0.481,0.1440930726061005,0.8705720630556463,False
ipw,2.390124398125284,0.1388936306156103,2.117897884436678,2.66235091181389,ok,,,1000,76,20450681,2.3,0.09012439812528417,True,0.481,0.1440930726061005,0.8705720630556463,False
aipw,2.396927305983986,0.06951056393848684,2.260689104119483,2.533165507848489,ok,,,1000,76,20450681,2.3,0.09692730598398613,True,0.481,0.1440930726061005,0.8705720630556463,False
naive_difference,3.188433651334116,0.09942085366700615,2.9935723588345566,3.383294943833675,ok,,,1000,77,20450682,2.3,0.888433651334116,False,0.548,0.12256736190343505,0.8851285397370109,False
adjusted_ols,2.3315888735780828,0.07163938290203212,2.1911782632154253,2.47199948394074,ok,,,1000,77,20450682,2.3,0.03158887357808293,True,0.548,0.12256736190343505,0.8851285397370109,False
ipw,2.3129340031863843,0.14211451440521372,2.0343946732717666,2.591473333101002,ok,,,1000,77,20450682,2.3,0.01293400318638449,True,0.548,0.12256736190343505,0.8851285397370109,False
aipw,2.3526051173521276,0.07440803929494595,2.2067680401737926,2.4984421945304627,ok,,,1000,77,20450682,2.3,0.052605117352127806,True,0.548,0.12256736190343505,0.8851285397370109,False
naive_difference,2.874697901782327,0.09728877474047345,2.6840154071909685,3.065380396373685,ok,,,1000,78,20450683,2.3,0.574697901782327,False,0.501,0.12921041945926806,0.8870787670479126,False
adjusted_ols,2.1920818148971897,0.06903596204181599,2.0567738156571562,2.327389814137223,ok,,,1000,78,20450683,2.3,-0.10791818510281015,True,0.501,0.12921041945926806,0.8870787670479126,False
ipw,2.2136445641765707,0.12656531312196775,1.9655811087654793,2.4617080195876624,ok,,,1000,78,20450683,2.3,-0.08635543582342908,True,0.501,0.12921041945926806,0.8870787670479126,False
aipw,2.2110592720801185,0.06505193418073392,2.08355982396121,2.338558720199027,ok,,,1000,78,20450683,2.3,-0.08894072791988128,True,0.501,0.12921041945926806,0.8870787670479126,False
naive_difference,3.125624099178868,0.09690181178238785,2.935700038048709,3.315548160309027,ok,,,1000,79,20450684,2.3,0.8256240991788681,False,0.499,0.14080131360985457,0.8716833103069991,False
adjusted_ols,2.3746277997078593,0.06782676939677747,2.241689774502472,2.5075658249132466,ok,,,1000,79,20450684,2.3,0.07462779970785949,True,0.499,0.14080131360985457,0.8716833103069991,False
ipw,2.373004059004558,0.13208573296681148,2.1141207795180326,2.6318873384910835,ok,,,1000,79,20450684,2.3,0.0730040590045582,True,0.499,0.14080131360985457,0.8716833103069991,False
aipw,2.378987582515656,0.06616529494179382,2.24930598740327,2.5086691776280423,ok,,,1000,79,20450684,2.3,0.0789875825156563,True,0.499,0.14080131360985457,0.8716833103069991,False
